model,accuracy,macro_f1,f1_N,f1_S,f1_V,f1_F,f1_Q,n_params,inference_ms
SimpleCNN,0.5673959938366718,0.359154557810558,0.695233567098538,0.0,0.3363889996014348,0.04918793503480278,0.7149622873180144,81157,1.1052279999785242
ResNet1D,0.4425269645608629,0.32507866022449106,0.5672322446515995,0.01563721657544957,0.38875154511742893,0.06601092896174864,0.5877613658162286,1882501,14.093977999982599
LightweightNet,0.5873035439137134,0.3950042629849458,0.7648812937263447,0.013280212483399735,0.5356276196779175,0.09147609147609148,0.5697560975609756,8429,1.8897130000186735
